Schibulski;Alexandra
Abram;Alina
Alexei;Alisa
Andrei;Anastasia
Boris;Antonina
Vadim;Vera
Valentin;Valeriya
Vasily;Vasilisa
Viktor;Veronika
Vlad;Valentina
Vladimir;Viktoriya
Garry;Daria
Grigory;Dina
David;Dominika
Denis;Ekaterina
Dimitry;Elena
Ivan;Eva
Igor;Zoya
Kirill;Zlata
Konstantin;Inga
Makar;Irina
Mark;Inessa
Mikhail;Isabella
Nestor;Izolda
Nikita;Klara
Nikolai;Xenia
Oleg;Lucia
Pavel;Marta
Pyotr;Marina
Sergei;Natalya
Stanislav;Natasha
Roman;Olga
Erik;Svetlana
Yaroslav;Tatyana
Yury;Emma
